,city,Lat,Lng,Max Temp,Humidity,Cloudiness,Wind Speed,Country,Date
0,Erenhot,43.6475,111.9767,76.14,33,100,12.33,CN,1627917571
1,Port Alfred,-33.5906,26.891,59.13,72,88,14.43,ZA,1627917571
2,Bluff,-46.6,168.3333,44.8,66,100,15.64,NZ,1627917572
3,Kapaa,22.0752,-159.319,79.12,77,75,4.0,US,1627917360
4,Nikolskoye,59.7035,30.7861,62.49,97,100,10.69,RU,1627917359
5,Avarua,-21.2078,-159.775,78.85,89,75,13.8,CK,1627917574
6,Ribeira Grande,38.5167,-28.7,79.2,73,40,10.36,PT,1627917575
7,Qaanaaq,77.484,-69.3632,44.58,66,100,6.4,GL,1627917575
8,Castro,-24.7911,-50.0119,61.65,58,15,1.5,BR,1627917575
9,Udachny,66.4167,112.4,68.72,41,100,11.52,RU,1627917576
10,Sombrio,-29.1139,-49.6167,67.93,63,0,7.72,BR,1627917576
11,Maksatikha,57.797,35.8825,78.31,62,99,11.54,RU,1627917576
12,Nizhniy Kuranakh,58.8353,125.4869,52.81,93,4,4.47,RU,1627917419
13,Mataura,-46.1927,168.8643,44.47,95,100,5.44,NZ,1627917578
14,Rikitea,-23.1203,-134.9692,68.47,55,98,22.53,PF,1627917579
15,Hermanus,-34.4187,19.2345,62.8,76,1,9.8,ZA,1627917579
16,Carnarvon,-24.8667,113.6333,51.87,40,0,11.5,AU,1627917456
17,Port Elizabeth,-33.918,25.5701,59.29,72,90,11.5,ZA,1627917580
18,Albany,42.6001,-73.9662,71.73,72,26,1.01,US,1627917580
19,Hambantota,6.1241,81.1185,79.88,78,100,20.18,LK,1627917580
20,Saskylakh,71.9167,114.0833,65.48,64,55,6.85,RU,1627917342
21,Torbay,47.6666,-52.7314,75.88,51,20,11.5,CA,1627917582
22,Hay River,60.8156,-115.7999,75.16,57,20,3.44,CA,1627917318
23,Morristown,36.214,-83.2949,80.83,66,0,4.43,US,1627917365
24,Vaini,-21.2,-175.2,68.16,83,20,9.22,TO,1627917336
25,Ushuaia,-54.8,-68.3,42.46,65,20,9.22,AR,1627917500
26,Atuona,-9.8,-139.0333,76.84,77,33,15.46,PF,1627917586
27,Bredasdorp,-34.5322,20.0403,63.28,88,63,11.5,ZA,1627917330
28,Goderich,43.7501,-81.7165,71.04,77,5,6.91,CA,1627917319
29,Hasaki,35.7333,140.8333,79.29,92,100,12.19,JP,1627917588
30,Nishihara,26.1842,127.7558,82.06,95,75,13.8,JP,1627917590
31,Lavrentiya,65.5833,-171.0,42.46,97,100,12.21,RU,1627917403
32,Aklavik,68.2191,-135.0107,61.63,82,75,4.61,CA,1627917366
33,Broome,42.2506,-75.833,71.47,67,20,3.0,US,1627917295
34,Virginia Beach,36.8529,-75.978,81.01,68,40,9.22,US,1627917581
35,Rosita,13.9268,-84.4032,78.6,89,91,4.14,NI,1627917594
36,Tuktoyaktuk,69.4541,-133.0374,53.6,94,90,8.05,CA,1627917374
37,Salalah,17.0151,54.0924,77.09,100,90,8.05,OM,1627917595
38,San Cristobal,7.7669,-72.225,77.18,73,99,7.29,VE,1627917595
39,Pacific Grove,36.6177,-121.9166,62.46,87,90,5.01,US,1627917489
40,Nanchang,28.6833,115.8833,82.99,76,0,8.05,CN,1627917305
41,Kumul,42.8,93.45,83.21,20,0,2.64,CN,1627917435
42,Iqaluit,63.7506,-68.5145,46.13,93,90,5.75,CA,1627917398
43,Arraial do Cabo,-22.9661,-42.0278,80.56,68,0,20.71,BR,1627917596
44,Acajutla,13.5928,-89.8275,88.81,61,100,0.69,SV,1627917360
45,Valle Nacional,17.7833,-96.3167,83.17,73,54,1.68,MX,1627917596
46,Ambilobe,-13.2,49.05,74.05,74,40,4.34,MG,1627917596
47,Busselton,-33.65,115.3333,46.09,71,85,5.19,AU,1627917551
48,Hong Kong,22.2855,114.1577,86.38,84,100,4.0,HK,1627917364
49,Stromness,58.965,-3.296,53.56,72,100,4.41,GB,1627917597
50,Puerto Ayora,-0.7393,-90.3518,75.16,83,99,10.0,EC,1627917356
51,Bingöl,38.8847,40.4939,86.77,25,91,10.49,TR,1627917597
52,Panzhihua,26.5851,101.7128,74.68,66,0,0.67,CN,1627917598
53,Jamestown,42.097,-79.2353,70.09,63,75,3.44,US,1627917548
54,Beyneu,45.3167,55.2,101.44,9,3,7.11,KZ,1627917598
55,Borogontsy,62.6683,131.1683,63.28,61,100,5.57,RU,1627917598
56,Saint George,37.1041,-113.5841,85.39,42,1,1.01,US,1627917422
57,Ranong,9.9658,98.6348,80.06,88,99,12.64,TH,1627917375
58,Nanortalik,60.1432,-45.2371,46.53,87,93,4.76,GL,1627917380
59,Yar-Sale,66.8333,70.8333,59.29,84,98,10.04,RU,1627917603
60,Manggar,-2.8833,108.2667,81.55,74,95,9.1,ID,1627917604
61,Khatanga,71.9667,102.5,66.16,61,100,10.11,RU,1627917605
62,Isangel,-19.55,169.2667,68.83,67,24,14.18,VU,1627917606
63,Bolgar,54.95,49.0667,89.51,52,100,4.61,RU,1627917607
64,Hilo,19.7297,-155.09,71.62,88,90,3.44,US,1627917529
65,Norman Wells,65.282,-126.8329,64.44,72,20,3.44,CA,1627917367
66,Cape Town,-33.9258,18.4232,68.34,63,0,1.99,ZA,1627917319
67,Mahébourg,-20.4081,57.7,68.29,68,20,3.44,MU,1627917609
68,Kaitangata,-46.2817,169.8464,48.92,73,100,14.45,NZ,1627917610
69,Severo-Kuril'sk,50.6789,156.125,52.7,88,94,16.44,RU,1627917612
70,Owando,-0.4819,15.8999,92.19,36,81,7.63,CG,1627917613
71,Westport,41.1415,-73.3579,77.43,70,20,1.01,US,1627917590
72,Kedrovyy,56.1667,91.8167,59.41,95,84,1.99,RU,1627917614
73,Yuancheng,36.652,107.7896,79.39,53,54,12.28,CN,1627917615
74,Mahibadhoo,3.7833,72.9667,82.98,70,100,5.19,MV,1627917396
75,Tiksi,71.6872,128.8694,48.45,66,22,2.93,RU,1627917617
76,Hobart,-42.8794,147.3294,49.26,79,100,3.0,AU,1627917617
77,Oktyabr'skiy,54.4815,53.471,85.71,31,77,3.78,RU,1627917619
78,Mount Isa,-20.7333,139.5,73.17,60,90,17.27,AU,1627917621
79,Yellowknife,62.456,-114.3525,72.12,64,40,9.22,CA,1627917621
80,Vila Velha,-20.3297,-40.2925,72.97,71,75,4.61,BR,1627917383
81,Alassio,44.0039,8.1671,82.17,64,20,16.11,IT,1627917559
82,Port Hardy,50.6996,-127.4199,59.18,82,90,4.61,CA,1627917375
83,Punta Arenas,-53.15,-70.9167,44.71,61,0,24.16,CL,1627917366
84,Oussouye,12.485,-16.5469,77.02,90,100,11.32,SN,1627917623
85,Blairmore,49.6,-114.4353,69.67,77,100,3.44,CA,1627917624
86,Rawson,-43.3002,-65.1023,62.01,28,49,5.1,AR,1627917625
87,Ilulissat,69.2167,-51.1,60.82,36,75,16.11,GL,1627917625
88,Boca do Acre,-8.7522,-67.3978,85.86,22,25,6.98,BR,1627917625
89,Butaritari,3.0707,172.7902,82.67,72,55,7.74,KI,1627917626
90,Florø,61.5996,5.0328,64.47,55,20,18.41,NO,1627917626
91,Talnakh,69.4865,88.3972,69.33,52,94,5.19,RU,1627917626
92,Kruisfontein,-34.0033,24.7314,56.88,84,69,13.56,ZA,1627917626
93,Guangming,45.3333,122.7833,65.07,82,100,6.6,CN,1627917627
94,Vila Franca do Campo,37.7167,-25.4333,75.61,59,0,9.53,PT,1627917628
95,East London,-33.0153,27.9116,58.14,82,40,9.22,ZA,1627917362
96,Guerrero Negro,27.9769,-114.0611,74.1,69,0,5.55,MX,1627917629
97,Anáhuac,27.2333,-100.15,83.7,59,97,3.69,MX,1627917629
98,Pevek,69.7008,170.3133,32.11,94,92,19.37,RU,1627917630
99,Cherskiy,68.75,161.3,33.03,94,89,11.01,RU,1627917630
100,Saint-Philippe,-21.3585,55.7679,69.39,75,50,7.49,RE,1627917630
101,Parry Sound,45.3501,-80.033,68.86,52,0,5.79,CA,1627917630
102,Souillac,-20.5167,57.5167,68.38,68,20,3.44,MU,1627917413
103,Alyangula,-13.8483,136.4192,73.17,89,5,6.85,AU,1627917632
104,Knyaze-Volkonskoye,48.4642,135.4567,71.94,85,17,5.82,RU,1627917633
105,Christchurch,-43.5333,172.6333,48.9,89,90,8.01,NZ,1627917633
106,Bilma,18.6853,12.9164,108.05,8,1,7.9,NE,1627917634
107,Caravelas,-17.7125,-39.2481,73.29,62,100,7.94,BR,1627917635
108,Basco,20.4487,121.9702,82.58,85,100,27.67,PH,1627917636
109,Ballarat,-37.5662,143.8496,45.99,98,100,8.1,AU,1627917637
110,Eyl,7.9803,49.8164,80.85,66,93,27.89,SO,1627917637
111,Wynyard,-41.0,145.7167,49.57,85,96,8.12,AU,1627917638
112,Sendafa,9.15,39.0333,52.95,82,60,6.6,ET,1627917639
113,Cockburn Town,21.4612,-71.1419,82.02,73,100,17.05,TC,1627917375
114,Vostok,46.4856,135.8833,66.06,90,42,3.24,RU,1627917641
115,Vaitape,-16.5167,-151.75,78.96,68,91,14.58,PF,1627917642
116,Scarborough,54.2797,-0.4044,68.65,60,100,1.99,GB,1627917486
117,Sechura,-5.5569,-80.8222,70.97,66,7,10.74,PE,1627917644
118,New Norfolk,-42.7826,147.0587,48.92,79,100,1.86,AU,1627917644
119,Sambava,-14.2667,50.1667,73.13,76,21,11.52,MG,1627917645
120,Vardø,70.3705,31.1107,57.4,84,100,8.41,NO,1627917646
121,Bethel,41.3712,-73.414,75.49,72,40,8.05,US,1627917647
122,Biograd na Moru,43.9433,15.4519,84.9,36,24,8.48,HR,1627917647
123,Bonnyville,54.2668,-110.735,78.12,35,27,6.4,CA,1627917610
124,Khakhea,-24.6895,23.494,74.14,10,0,7.16,BW,1627917649
125,Bilibino,68.0546,166.4372,34.59,85,100,8.9,RU,1627917353
126,Atbasar,51.8,68.3333,76.91,42,70,6.44,KZ,1627917650
127,Grandview,38.8858,-94.533,76.91,66,1,0.0,US,1627917600
128,Esperance,-33.8667,121.9,49.84,76,88,9.33,AU,1627917652
129,Husavik,66.0449,-17.3389,58.91,76,98,3.18,IS,1627917653
130,Marechal Cândido Rondon,-24.5561,-54.0567,70.25,41,0,4.92,BR,1627917653
131,Margate,51.3813,1.3862,66.31,63,49,1.01,GB,1627917653
132,Cabedelo,-6.9811,-34.8339,77.67,77,76,20.74,BR,1627917630
133,Biltine,14.5333,20.9167,89.29,43,90,9.55,TD,1627917654
134,Tasiilaq,65.6145,-37.6368,46.56,79,100,3.71,GL,1627917654
135,Mont-Dore,-22.2833,166.5833,55.38,79,4,2.77,NC,1627917654
136,Imbituba,-28.24,-48.6703,66.09,68,15,8.03,BR,1627917655
137,Pisco,-13.7,-76.2167,63.01,82,90,6.91,PE,1627917655
138,College,64.8569,-147.8028,64.29,80,20,3.44,US,1627917655
139,Barrow,71.2906,-156.7887,44.62,84,90,10.36,US,1627917367
140,Novaya Ladoga,60.1025,32.3019,62.01,96,100,11.23,RU,1627917656
141,São Filipe,14.8961,-24.4956,77.56,74,68,6.46,CV,1627917656
142,Barra,-11.0894,-43.1417,82.53,40,22,12.46,BR,1627917656
143,Katsuura,35.1333,140.3,81.19,90,96,11.95,JP,1627917657
144,Horodok,49.1637,26.5839,74.21,59,9,14.2,UA,1627917658
145,Nantucket,41.2835,-70.0995,78.26,73,0,10.42,US,1627917539
146,Ahipara,-35.1667,173.1667,54.72,72,1,23.26,NZ,1627917660
147,Lumajang,-8.1335,113.2248,74.5,94,96,4.21,ID,1627917660
148,Zyryanka,65.75,150.85,37.99,71,13,4.68,RU,1627917661
149,Meulaboh,4.1363,96.1285,78.69,78,100,4.68,ID,1627917661
150,Leningradskiy,69.3833,178.4167,32.74,99,100,8.41,RU,1627917662
151,Beckley,37.7782,-81.1882,69.06,68,75,1.01,US,1627917586
152,Turtas,58.9417,69.1325,64.69,72,100,5.88,RU,1627917663
153,Tautira,-17.7333,-149.15,73.42,72,75,13.89,PF,1627917663
154,Port Hueneme,34.1478,-119.1951,88.25,76,1,0.0,US,1627917664
155,Solwezi,-12.1688,26.3894,75.97,26,58,5.66,ZM,1627917665
156,Chapais,49.7834,-74.8492,56.98,50,88,7.47,CA,1627917396
157,Bocana de Paiwas,12.7857,-85.1227,80.4,79,100,12.5,NI,1627917666
158,Yangi Marg`ilon,40.4272,71.7189,84.92,30,100,9.22,UZ,1627917384
159,Kislyakovskaya,46.4417,39.675,97.93,19,12,6.85,RU,1627917668
160,Kahului,20.8947,-156.47,76.84,82,20,12.66,US,1627917669
161,Dikson,73.5069,80.5464,46.9,81,100,12.57,RU,1627917670
162,Kaseda-shirakame,31.4167,130.3167,79.84,84,95,10.45,JP,1627917671
163,Maiduguri,11.8464,13.1603,88.12,52,100,7.72,NG,1627917672
164,Nouadhibou,20.931,-17.0347,80.58,61,22,14.97,MR,1627917672
165,Shinpokh,34.3292,71.1782,90.81,51,0,5.5,PK,1627917673
166,Mar del Plata,-38.0023,-57.5575,55.09,1,75,15.99,AR,1627917433
167,Ulaangom,49.9811,92.0667,66.47,37,8,3.02,MN,1627917674
168,Bengkulu,-3.8004,102.2655,76.14,89,29,3.76,ID,1627917675
169,Gamba,-2.65,10.0,79.57,67,84,10.25,GA,1627917676
170,Lagoa,39.05,-27.9833,72.27,87,1,7.83,PT,1627917676
171,Azovo,54.6997,73.0237,74.95,44,97,11.88,RU,1627917678
172,Constitución,-35.3333,-72.4167,59.34,52,0,7.54,CL,1627917679
173,Lorengau,-2.0226,147.2712,82.13,77,11,8.37,PG,1627917679
174,Sitka,57.0531,-135.33,60.69,82,90,6.91,US,1627917680
175,Ponta do Sol,32.6667,-17.1,84.0,69,22,3.2,PT,1627917680
176,Taoudenni,22.6783,-3.9836,112.05,15,33,12.33,ML,1627917486
177,Gōtsuchō,35.0,132.2167,78.37,81,43,4.81,JP,1627917681
178,Haines Junction,60.7522,-137.5108,48.15,93,93,0.0,CA,1627917480
179,Ayagoz,47.9714,80.4392,77.54,29,1,10.8,KZ,1627917682
180,Ginir,7.1333,40.7,66.45,56,83,13.67,ET,1627917683
181,Plettenberg Bay,-34.0527,23.3716,60.04,81,19,12.21,ZA,1627917683
182,Kabompo,-13.5927,24.2008,81.84,20,61,5.48,ZM,1627917684
183,Morganton,35.7454,-81.6848,81.81,60,1,1.99,US,1627917624
184,Piranshahr,36.701,45.1413,77.81,42,67,7.25,IR,1627917684
185,Mossamedes,-15.1961,12.1522,73.4,73,0,11.86,AO,1627917685
186,Tiarei,-17.5333,-149.3333,73.42,72,77,12.82,PF,1627917685
187,Cururupu,-1.8283,-44.8683,84.92,53,92,5.95,BR,1627917686
188,Namwala,-15.7504,26.4384,78.53,23,2,5.82,ZM,1627917687
189,Tuatapere,-46.1333,167.6833,44.82,80,100,6.82,NZ,1627917687
190,Marsabit,2.3284,37.9899,73.31,35,75,19.66,KE,1627917688
191,Luang Prabang,19.8856,102.1347,73.38,99,92,1.59,LA,1627917680
192,Yulara,-25.2406,130.9889,40.84,45,0,5.75,AU,1627917462
193,Upernavik,72.7868,-56.1549,46.81,62,0,6.2,GL,1627917690
194,Faya,18.3851,42.4509,73.92,57,100,9.37,SA,1627917691
195,Bonga,7.2833,36.2333,64.08,98,73,2.46,ET,1627917692
196,Hithadhoo,-0.6,73.0833,81.27,75,92,4.56,MV,1627917692
197,San Andrés,12.5847,-81.7006,86.02,79,75,12.66,CO,1627917472
198,Geraldton,-28.7667,114.6,46.81,87,6,5.75,AU,1627917693
199,San Patricio,28.017,-97.5169,89.87,58,96,7.18,US,1627917693
200,Fairbanks,64.8378,-147.7164,66.81,79,1,3.44,US,1627917417
201,Mehamn,71.0357,27.8492,53.78,65,28,5.08,NO,1627917693
202,Marystown,47.1666,-55.1483,66.11,64,51,6.33,CA,1627917694
203,Krasnogvardeyskiy,57.3793,62.3195,67.82,75,68,4.61,RU,1627917696
204,Ellensburg,46.9965,-120.5479,73.24,73,1,0.0,US,1627917688
205,Mlonggo,-6.5333,110.7,78.58,77,71,5.01,ID,1627917697
206,Thompson,55.7435,-97.8558,68.16,64,75,6.91,CA,1627917431
207,Atar,20.5169,-13.0499,102.47,23,43,15.08,MR,1627917698
208,Srednekolymsk,67.45,153.6833,41.68,73,98,6.64,RU,1627917699
209,Farmington,36.7281,-108.2187,68.7,88,1,6.91,US,1627917588
210,Baijiantan,45.6333,85.1833,89.08,11,0,7.47,CN,1627917701
211,Weymouth,42.2209,-70.9398,77.38,62,40,5.01,US,1627917658
212,Sherbakul',54.6316,72.3963,74.88,49,79,8.43,RU,1627917703
213,Ugoofaaru,5.6667,73.0,83.61,71,100,9.08,MV,1627917704
214,Podosinovets,60.2776,47.0659,73.83,60,48,4.5,RU,1627917705
215,Gisborne,-38.6533,178.0042,43.95,79,99,4.68,NZ,1627917706
216,Morón,-34.6534,-58.6198,56.89,65,0,4.59,AR,1627917707
217,Kloulklubed,7.0419,134.2556,81.1,77,99,13.62,PW,1627917708
218,Plymouth,41.8334,-70.8328,78.19,65,40,1.01,US,1627917709
219,Los Llanos de Aridane,28.6585,-17.9182,74.12,72,20,14.97,ES,1627917710
220,Belmonte,-15.8631,-38.8828,75.7,57,77,11.56,BR,1627917710
221,Timrå,62.487,17.3257,62.67,45,90,9.22,SE,1627917711
222,Natal,-5.795,-35.2094,84.85,61,75,20.71,BR,1627917594
223,Leshukonskoye,64.8989,45.7622,62.67,84,91,4.76,RU,1627917712
224,Mīnāb,27.1467,57.0801,94.5,40,7,7.07,IR,1627917712
225,Fort Nelson,58.8053,-122.7002,67.59,73,20,4.61,CA,1627917713
226,Antalaha,-14.9003,50.2788,71.47,78,7,10.49,MG,1627917713
227,Lucapa,-8.4192,20.7447,87.93,15,79,3.38,AO,1627917714
228,Port Shepstone,-30.7414,30.455,62.69,82,96,11.79,ZA,1627917714
229,Smidovich,48.6,133.8167,69.98,84,7,7.78,RU,1627917664
230,Pasni,25.2631,63.471,81.5,86,83,17.92,PK,1627917714
231,Penhold,52.1334,-113.8687,69.6,100,90,3.44,CA,1627917715
232,Klerksdorp,-26.8521,26.6667,68.04,11,0,4.74,ZA,1627917715
233,Chokurdakh,70.6333,147.9167,35.53,80,12,8.59,RU,1627917716
234,Houndé,11.5,-3.5167,85.15,58,88,8.88,BF,1627917717
235,Verāval,20.9,70.3667,81.81,82,100,18.84,IN,1627917717
236,Cabo San Lucas,22.8909,-109.9124,88.81,51,40,4.61,MX,1627917567
237,Porto-Novo,6.4965,2.6036,80.42,63,100,8.16,BJ,1627917718
238,Opuwo,-18.0607,13.84,81.25,15,0,8.84,NA,1627917718
239,Cidreira,-30.1811,-50.2056,60.17,69,31,9.19,BR,1627917718
240,Puerto López,4.0845,-72.956,71.96,90,100,4.56,CO,1627917719
241,Clyde River,70.4692,-68.5914,46.63,71,75,13.8,CA,1627917433
242,Joaçaba,-27.1781,-51.5047,65.37,52,0,3.13,BR,1627917719
243,Te Anau,-45.4167,167.7167,39.24,91,100,3.56,NZ,1627917720
244,Alice Springs,-23.7,133.8833,45.95,34,0,6.91,AU,1627917549
245,Touros,-5.1989,-35.4608,85.1,57,40,18.99,BR,1627917721
246,Moerai,-22.4333,-151.3333,74.44,71,100,20.15,PF,1627917722
247,Uyuni,-20.4597,-66.825,45.66,45,92,9.04,BO,1627917722
248,Zhigansk,66.7697,123.3711,65.84,57,1,12.17,RU,1627917723
249,Pemangkat,1.1667,108.9667,80.69,83,75,8.99,ID,1627917724
250,Klaksvík,62.2266,-6.589,50.92,78,100,10.11,FO,1627917725
251,Mount Darwin,-16.7725,31.5838,77.22,21,0,5.97,ZW,1627917726
252,Krasnosel'kup,65.7,82.4667,67.91,61,58,7.74,RU,1627917727
253,Altus,34.6381,-99.334,77.99,65,1,9.22,US,1627917729
254,Karwar,14.8,74.1333,78.39,85,100,11.36,IN,1627917729
255,Tabas,33.5959,56.9244,96.24,8,1,13.31,IR,1627917488
256,Grand Gaube,-20.0064,57.6608,68.4,68,0,3.0,MU,1627917732
257,Makakilo City,21.3469,-158.0858,75.52,77,90,10.36,US,1627917733
258,St. George's,12.0564,-61.7485,83.88,74,20,17.27,GD,1627917734
259,Malaryta,51.7905,24.074,67.28,71,100,11.18,BY,1627917736
260,Pangnirtung,66.1451,-65.7125,53.6,71,75,3.44,CA,1627917737
261,Ketchikan,55.3422,-131.6461,61.27,82,90,10.36,US,1627917738
262,Contamana,-7.3333,-75.0167,82.29,47,5,4.68,PE,1627917739
263,Sola,-13.8833,167.55,73.63,66,95,14.32,VU,1627917741
264,Flin Flon,54.7682,-101.865,73.24,60,90,3.44,CA,1627917742
265,Mount Gambier,-37.8333,140.7667,43.27,92,99,5.28,AU,1627917743
266,Guadalupe y Calvo,26.1,-106.9667,64.18,65,22,2.66,MX,1627917744
267,Oranjestad,12.524,-70.027,87.75,58,20,28.77,AW,1627917620
268,La Ronge,55.1001,-105.2842,77.25,50,75,2.3,CA,1627917477
269,San Miguel de Tucumán,-26.8241,-65.2226,64.4,34,0,3.44,AR,1627917746
270,Laas,46.6166,10.7002,70.54,73,79,1.39,IT,1627917747
271,Santiago,-33.4569,-70.6483,79.29,19,0,3.44,CL,1627917656
272,Brodokalmak,55.5748,62.082,76.1,52,98,5.26,RU,1627917749
273,George Town,5.4112,100.3354,84.13,79,20,0.0,MY,1627917154
274,Caçapava do Sul,-30.5122,-53.4914,55.56,59,0,4.45,BR,1627917750
275,Wajima,37.4,136.9,81.12,81,88,6.44,JP,1627917751
276,Lompoc,34.6391,-120.4579,63.43,81,1,3.44,US,1627917753
277,Dingle,10.9995,122.6711,78.12,84,100,8.41,PH,1627917754
278,Lata,40.1629,-8.3327,83.05,63,68,12.75,PT,1627917755
279,Huadian,42.9633,126.7478,67.37,97,100,5.53,CN,1627917756
280,Aswān,24.0934,32.907,108.16,8,0,13.98,EG,1627917757
281,Ploemeur,47.7333,-3.4333,68.86,65,0,13.8,FR,1627917757
282,Bogalusa,30.791,-89.8487,88.75,66,1,0.0,US,1627917757
283,Chui,-33.6971,-53.4616,57.43,76,48,7.72,UY,1627917759
284,Olenino,56.2092,33.4889,78.13,59,100,15.97,RU,1627917759
285,Wattegama,6.7989,81.4808,80.56,63,100,8.19,LK,1627917760
286,Coyhaique,-45.5752,-72.0662,48.81,93,75,4.61,CL,1627917760
287,Pangai,-19.8,-174.35,72.77,73,63,15.19,TO,1627917760
288,Ostrovnoy,68.0531,39.5131,62.94,74,56,12.93,RU,1627917760
289,Colatina,-19.5394,-40.6306,65.23,65,99,2.46,BR,1627917521
290,Shimoda,34.6667,138.95,78.1,90,100,11.77,JP,1627917761
291,Malanje,-9.5402,16.341,86.13,14,2,4.09,AO,1627917762
292,Laguna,38.421,-121.4238,73.98,72,1,4.0,US,1627917762
293,Dhidhdhoo,6.8833,73.1,83.25,71,100,9.1,MV,1627917542
294,Vila do Maio,15.1333,-23.2167,83.19,79,93,9.31,CV,1627917764
295,Oudtshoorn,-33.5907,22.2014,55.76,41,2,4.38,ZA,1627917765
296,Qui Nhon,13.7667,109.2333,85.95,65,99,16.13,VN,1627917766
297,Tual,-5.6667,132.75,81.43,77,93,19.77,ID,1627917767
298,Suntar,62.1444,117.6319,58.62,87,100,2.89,RU,1627917767
299,Tres Arroyos,-38.3739,-60.2798,55.44,45,7,16.93,AR,1627917768
300,Paita,-5.0892,-81.1144,72.16,74,5,12.06,PE,1627917768
301,Maragogi,-9.0122,-35.2225,77.4,81,36,16.22,BR,1627917526
302,Vanavara,60.34,102.2797,62.44,64,100,4.14,RU,1627917769
303,Hue,16.4667,107.6,89.71,55,40,4.61,VN,1627917770
304,Kieta,-6.2167,155.6333,77.83,86,25,2.59,PG,1627917770
305,Longyearbyen,78.2186,15.6401,48.04,71,75,17.27,SJ,1627917661
306,Bad Doberan,54.1071,11.9005,68.11,67,49,14.97,DE,1627917704
307,Mombaça,-5.7431,-39.6275,89.29,29,14,8.19,BR,1627917771
308,Salta,-24.7859,-65.4117,61.09,37,0,1.99,AR,1627917501
309,Saint-Joseph,-21.3667,55.6167,68.38,77,33,5.14,RE,1627917772
310,Malaya Vishera,58.8454,32.2222,62.22,95,100,10.33,RU,1627917772
311,Otukpo,7.1913,8.1329,79.99,84,96,6.13,NG,1627917773
312,Faanui,-16.4833,-151.75,78.98,68,88,14.45,PF,1627917773
313,Kaeo,-35.1,173.7833,54.32,82,4,16.6,NZ,1627917773
314,Valera,9.3178,-70.6036,87.87,48,92,3.18,VE,1627917773
315,Ishinomaki,38.4167,141.3,77.25,94,88,14.27,JP,1627917774
316,Jiuquan,39.7432,98.5174,72.88,39,2,7.16,CN,1627917775
317,Poronaysk,49.2167,143.1167,57.02,88,5,3.44,RU,1627917776
318,Turaif,31.6725,38.6637,97.05,12,0,11.5,SA,1627917689
319,Bandar,2.05,99.75,74.84,93,44,1.79,ID,1627917779
320,Smithers,54.7804,-127.1743,64.72,72,20,4.61,CA,1627917781
321,Dryden,49.7833,-92.7503,70.09,56,1,6.91,CA,1627917781
322,La Romana,18.4273,-68.9728,88.16,62,40,13.8,DO,1627917782
323,Sokoto,13.0609,5.239,81.72,65,100,10.83,NG,1627917783
324,Buraidah,26.326,43.975,106.25,5,1,4.0,SA,1627917784
325,Poção de Pedras,-4.6667,-44.85,92.64,27,83,8.03,BR,1627917785
326,Buchanan,5.8808,-10.0467,85.96,62,57,9.89,LR,1627917786
327,Arlit,18.7369,7.3853,103.96,20,34,15.03,NE,1627917787
328,Larsnes,62.2028,5.5773,63.01,63,38,15.23,NO,1627917789
329,Kavieng,-2.5744,150.7967,82.38,78,12,13.31,PG,1627917789
330,Coruripe,-10.1256,-36.1756,77.34,74,32,15.1,BR,1627917628
331,Tiznit Province,29.5833,-9.5,80.37,35,0,12.08,MA,1627917792
332,Colares,38.7992,-9.4469,80.28,66,40,13.8,PT,1627917793
333,Uray,60.1247,64.7758,66.4,68,78,4.5,RU,1627917794
334,Nieuw Amsterdam,5.8833,-55.0833,87.82,62,75,6.91,SR,1627917795
335,Pueblo,38.2545,-104.6091,75.9,71,1,3.44,US,1627917776
336,Chunoyar,57.4467,97.3217,58.39,91,34,2.26,RU,1627917796
337,Rustenburg,-25.6676,27.2421,73.6,8,0,11.45,ZA,1627917797
338,Provideniya,64.3833,-173.3,43.95,96,100,14.52,RU,1627917798
339,Matara,5.9485,80.5353,78.24,87,100,12.44,LK,1627917798
340,Avera,33.194,-82.5271,87.44,53,97,3.87,US,1627917799
341,Maués,-3.3836,-57.7186,78.75,72,86,1.97,BR,1627917799
342,Berbera,10.4396,45.0143,93.2,45,43,9.06,SO,1627917800
343,Surgāna,20.5667,73.6167,73.06,92,100,11.74,IN,1627917800
344,Río Gallegos,-51.6226,-69.2181,44.65,45,0,16.11,AR,1627917699
345,Tateyama,34.9833,139.8667,81.99,88,94,12.5,JP,1627917800
346,Ol'ga,43.7444,135.2892,66.33,97,100,3.6,RU,1627917801
347,San Policarpo,12.1791,125.5072,82.27,78,92,10.04,PH,1627917618
348,San Francisco Ixhuatan,16.3569,-94.4825,85.55,67,39,4.07,MX,1627917801
349,Umluj,25.0213,37.2685,93.92,44,7,6.06,SA,1627917801
350,Hofn,64.2539,-15.2082,53.62,87,90,11.5,IS,1627917802
351,Alofi,-19.0595,-169.9187,73.29,78,75,12.66,NU,1627917802
352,Sikonge,-5.6333,32.7667,84.51,21,14,4.59,TZ,1627917803
353,Apodi,-5.6642,-37.7989,91.89,26,4,12.41,BR,1627917803
354,Hirara,24.8,125.2833,81.39,83,100,20.74,JP,1627917804
355,Troitsko-Pechorsk,62.7084,56.1964,63.36,83,99,3.56,RU,1627917804
356,Marawi,7.9986,124.2928,71.65,89,100,4.41,PH,1627917804
357,Champerico,14.3,-91.9167,92.73,74,87,0.83,GT,1627917805
358,Tottori-shi,35.5,134.2333,78.6,79,100,7.76,JP,1627917805
359,Acapulco de Juárez,16.8634,-99.8901,85.82,70,1,3.44,MX,1627917806
360,Lebu,-37.6167,-73.65,53.96,78,48,19.26,CL,1627917806
361,Namatanai,-3.6667,152.4333,78.73,84,10,7.0,PG,1627917807
362,Raja,8.4596,25.678,77.79,75,100,2.89,SS,1627917807
363,Viedma,-40.8135,-62.9967,61.11,30,8,22.84,AR,1627917808
364,Ous,60.9058,61.5186,68.45,58,81,5.84,RU,1627917808
365,Hūn,29.1268,15.9477,104.34,7,2,11.27,LY,1627917808
366,Northam,51.0333,-4.2167,66.2,84,100,11.74,GB,1627917809
367,Pozo Colorado,-23.4923,-58.7972,72.43,33,5,6.26,PY,1627917809
368,Borås,57.721,12.9401,67.89,55,87,9.13,SE,1627917809
369,Malbork,54.0359,19.0266,72.84,41,40,17.87,PL,1627917667
370,Pokhara,28.2333,83.9833,73.47,96,100,1.48,NP,1627917810
371,Boa Esperança,-21.09,-45.5658,75.33,36,1,1.97,BR,1627917756
372,Canutama,-6.5339,-64.3831,88.11,29,35,5.59,BR,1627917810
373,Noumea,-22.2763,166.4572,55.38,75,4,4.47,NC,1627917810
374,Yuci,37.6803,112.7319,74.95,60,0,15.66,CN,1627917811
375,Barkhan,29.8977,69.5256,87.75,42,45,3.87,PK,1627917811
376,Harper,4.375,-7.7169,79.9,68,78,8.08,LR,1627917811
377,El Alto,-4.2714,-81.2147,69.46,61,1,8.1,PE,1627917812
378,Macaé,-22.3708,-41.7869,80.47,47,0,8.05,BR,1627917812
379,Safaga,26.7292,33.9365,89.02,48,0,4.63,EG,1627917813
380,El Rosario,24.2556,-107.1828,84.4,60,47,4.09,MX,1627917814
381,Kuching,1.55,110.3333,75.42,94,40,3.44,MY,1627917814
382,Khandyga,62.6667,135.6,60.4,62,59,3.94,RU,1627917814
383,Cloquet,46.7216,-92.4594,73.53,64,1,6.91,US,1627917814
384,Colmenar Viejo,40.6591,-3.7676,85.55,29,40,1.14,ES,1627917815
385,Oga,46.4631,10.347,62.64,70,77,3.87,IT,1627917815
386,Flinders,-34.5833,150.8552,60.39,77,85,1.99,AU,1627917815
387,Altay,47.8667,88.1167,66.99,35,2,5.59,CN,1627917816
388,Kilindoni,-7.9139,39.6668,76.24,75,11,17.67,TZ,1627917817
389,Cap Malheureux,-19.9842,57.6142,68.49,68,0,3.0,MU,1627917817
390,Bambous Virieux,-20.3428,57.7575,68.25,68,20,3.44,MU,1627917818
391,Sayyan,15.1718,44.3244,63.55,65,100,8.25,YE,1627917818
392,Kochevo,59.5994,54.3125,67.5,86,100,5.97,RU,1627917818
393,Cortez,37.3489,-108.5859,66.7,84,1,0.0,US,1627917819
394,Kangāvar,34.5043,47.9653,85.59,23,94,12.91,IR,1627917819
395,Gudibanda,13.6694,77.6983,75.99,59,100,17.38,IN,1627917819
396,Mabay,6.0577,124.4666,79.68,81,100,4.25,PH,1627917820
397,Ponta Delgada,37.7333,-25.6667,75.92,60,20,9.22,PT,1627917821
398,Pervomayskiy,53.2485,40.2871,89.13,30,89,9.82,RU,1627917822
399,Hualmay,-11.0964,-77.6139,66.63,72,29,8.21,PE,1627917560
400,Nchelenge,-9.3451,28.734,77.86,42,2,7.27,ZM,1627917822
401,Doha,25.2867,51.5333,104.31,52,0,8.05,QA,1627917603
402,Kanniyākumāri,8.0833,77.5667,80.91,74,98,21.27,IN,1627917823
403,Kiunga,-6.1219,141.2906,72.61,95,97,2.95,PG,1627917823
404,San Quintín,30.4833,-115.95,72.88,71,6,10.02,MX,1627917579
405,Savonlinna,61.8699,28.88,69.85,52,20,6.91,FI,1627917824
406,Mil'kovo,54.7167,158.6167,47.39,95,100,5.68,RU,1627917825
407,Kathu,7.9178,98.3332,85.69,86,92,15.28,TH,1627917825
408,Muros,42.7762,-9.0603,77.68,52,57,17.07,ES,1627917826
409,Portland,45.5234,-122.6762,70.59,80,75,1.99,US,1627917719
410,Riyadh,24.6877,46.7219,107.74,6,10,10.02,SA,1627917651
411,Tessalit,20.1986,1.0114,99.77,26,50,2.91,ML,1627917827
412,Johannesburg,-26.2023,28.0436,71.06,20,0,4.85,ZA,1627917827
413,Sumenep,-7.0167,113.8667,79.38,81,43,2.21,ID,1627917827
414,Byron Bay,-28.65,153.6167,67.95,88,99,7.58,AU,1627917828
415,Havre-St-Pierre,50.2334,-63.5986,66.56,68,1,8.05,CA,1627917829
416,Ulladulla,-35.35,150.4667,59.88,80,67,7.18,AU,1627917831
417,Divnomorskoye,44.5011,38.1353,82.22,68,0,5.59,RU,1627917833
418,Kisaran,2.9845,99.6158,76.24,94,93,2.82,ID,1627917834
419,Bemidji,47.4736,-94.8803,75.18,50,1,10.36,US,1627917536
420,Talcahuano,-36.7167,-73.1167,53.28,62,0,12.66,CL,1627917835
421,Santa Fe,-31.6333,-60.7,64.02,44,0,4.0,AR,1627917781
422,Dumai,1.6833,101.45,76.55,92,87,1.34,ID,1627917836
423,Uruapan,19.4167,-102.0667,67.62,77,90,0.0,MX,1627917836
424,Aksu,41.1231,80.2644,81.79,21,100,5.93,CN,1627917784
425,Grand-Lahou,5.1367,-5.0242,81.93,66,53,7.56,CI,1627917838
426,Mahon,39.8885,4.2658,79.36,50,20,10.36,ES,1627917838
427,Senador Canedo,-16.7081,-49.0931,79.93,36,0,10.36,BR,1627917838
428,Havøysund,70.9963,24.6622,53.83,80,44,25.55,NO,1627917839
429,Nowy Dwór Mazowiecki,52.4302,20.7165,73.29,61,40,18.41,PL,1627917839
430,Saldanha,-33.0117,17.9442,71.65,71,0,8.81,ZA,1627917839
431,Lar,26.2039,83.9717,86.59,69,98,2.39,IN,1627917840
432,Saint Paul Harbor,57.79,-152.4072,53.11,94,90,6.91,US,1627917841
433,Ust-Kuyga,70.0167,135.6,53.44,61,6,2.95,RU,1627917841
434,Praia,14.9215,-23.5087,82.94,61,20,16.11,CV,1627917842
435,Altagracia de Orituco,9.8601,-66.3814,76.37,86,48,5.97,VE,1627917842
436,Real,14.6625,121.6047,82.96,86,99,13.33,PH,1627917842
437,Azoyú,16.7167,-98.7333,82.24,66,100,0.58,MX,1627917843
438,Rabo de Peixe,37.8,-25.5833,74.71,60,20,9.22,PT,1627917843
439,Tshela,-4.9833,12.9333,90.09,38,7,4.09,CD,1627917844
440,Padang,-0.9492,100.3543,77.05,83,97,2.01,ID,1627917844
441,Disna,55.568,28.1971,60.13,92,100,16.78,BY,1627917845
442,Atherton,53.5237,-2.4935,69.3,64,100,5.01,GB,1627917847
443,Honiara,-9.4333,159.95,75.2,88,36,5.12,SB,1627917848
444,Yeppoon,-23.1333,150.7333,60.58,88,1,4.92,AU,1627917848
445,Marzuq,14.4,46.4667,92.44,28,20,9.75,YE,1627917701
446,Victor Harbor,-35.5667,138.6167,51.89,81,16,19.15,AU,1627917849
447,Zalesovo,53.9939,84.7431,65.75,80,33,4.54,RU,1627917850
448,Kigonsera,-10.8,35.05,64.2,56,89,1.68,TZ,1627917851
449,Iralaya,15.0,-83.2333,86.09,83,69,13.35,HN,1627917852
450,Nikšić,42.7731,18.9445,84.36,21,7,11.65,ME,1627917852
451,Carlsbad,33.1581,-117.3506,88.65,78,1,1.01,US,1627917792
452,Bernalillo,35.05,-106.6673,71.69,72,90,6.91,US,1627917852
453,Phak Hai,14.4574,100.3699,86.9,71,77,10.18,TH,1627917853
454,Loukhi,66.0764,33.0381,63.55,84,93,5.08,RU,1627917853
455,Banda Aceh,5.5577,95.3222,81.07,75,99,12.48,ID,1627917853
456,Kirakira,-10.4544,161.9205,73.99,79,64,8.66,SB,1627917854
457,Puerto Escondido,15.85,-97.0667,88.63,70,1,0.0,MX,1627917854
458,Debre Tabor,11.85,38.0167,52.88,94,100,2.08,ET,1627917854
459,Sioux Lookout,50.1001,-91.917,71.67,56,90,8.05,CA,1627917855
460,Cessnock,-32.8333,151.35,60.22,96,83,2.24,AU,1627917855
461,Brae,60.3964,-1.353,53.51,72,100,7.99,GB,1627917855
462,Gander,48.9682,-54.5906,73.78,46,20,12.66,CA,1627917856
463,Jampur,29.6441,70.5954,102.79,31,41,12.19,PK,1627917856
464,Taksimo,56.3444,114.8794,53.19,97,100,2.08,RU,1627917857
465,Juradó,7.1053,-77.7641,80.35,82,100,3.38,CO,1627917858
466,Auki,-8.7676,160.7034,74.7,89,49,5.64,SB,1627917858
467,Maniitsoq,65.4167,-52.9,47.68,85,100,8.1,GL,1627917858
468,Marion,39.7684,-86.1555,72.41,65,1,3.44,US,1627917858
469,Ucluelet,48.9329,-125.5528,66.09,92,20,3.56,CA,1627917594
470,Tongliao,43.6125,122.2653,65.93,89,100,4.88,CN,1627917859
471,Sabang,5.8933,95.3214,83.46,74,99,20.15,ID,1627917859
472,Nhulunbuy,-12.2333,136.7667,72.21,88,6,4.61,AU,1627917860
473,Atikokan,48.7555,-91.6216,70.34,44,80,7.7,CA,1627917861
474,Irun,43.339,-1.7894,85.71,65,20,5.75,ES,1627917861
475,Yārāda,17.65,83.2667,88.12,62,20,11.5,IN,1627917862
476,Ancud,-41.8697,-73.8203,51.33,88,93,5.23,CL,1627917863
477,Mildura,-34.2,142.15,47.07,93,9,9.22,AU,1627917864
478,Jacareacanga,-6.2222,-57.7528,94.84,29,10,5.68,BR,1627917864
479,Pokaran,26.9167,71.9167,94.44,46,44,16.73,IN,1627917865
480,Chara,56.9064,118.2631,54.21,75,89,2.8,RU,1627917865
481,Storforshei,66.4043,14.5233,55.65,62,40,8.05,NO,1627917865
482,San Bartolomé de Tirajana,27.9248,-15.5733,68.47,63,20,29.93,ES,1627917866
483,Bay Roberts,47.5999,-53.2648,76.66,52,31,1.99,CA,1627917867
484,Akashi,34.6333,134.9833,82.38,79,62,5.06,JP,1627917868
485,Chingirlau,51.095,54.0814,94.51,21,25,6.62,KZ,1627917868
486,Airai,-8.9266,125.4092,57.07,87,81,3.29,TL,1627917869
487,Prainha,-1.8,-53.48,86.99,53,0,4.56,BR,1627917870
488,Kut Chap,17.4257,102.5669,78.31,84,100,5.55,TH,1627917872
489,Mazyr,52.0495,29.2456,71.1,68,78,17.96,BY,1627917872
490,Lárdos,36.0942,28.0157,98.42,33,0,13.53,GR,1627917873
491,Richards Bay,-28.783,32.0377,66.76,72,2,8.46,ZA,1627917873
492,Kemijärvi,66.7131,27.4306,61.54,41,94,4.27,FI,1627917874
493,Tamworth,52.634,-1.6959,68.47,68,100,1.99,GB,1627917875
494,Yamada,39.4667,141.95,74.68,95,13,8.28,JP,1627917876
495,Poughkeepsie,41.7004,-73.921,75.78,72,90,5.75,US,1627917599
496,Rome,43.2128,-75.4557,72.86,71,40,11.5,US,1627917876
497,Havelock,34.8791,-76.9013,83.95,84,75,8.05,US,1627917766
498,Aketi,2.7388,23.7833,85.87,52,73,4.65,CD,1627917876
499,Namtsy,62.7161,129.6658,64.51,57,100,5.23,RU,1627917877
500,Adrar,20.5022,-10.0711,100.71,25,9,11.74,MR,1627917583
501,Labuhan,-6.8844,112.2051,78.33,80,24,7.52,ID,1627917877
502,Khorixas,-20.3667,14.9667,81.25,16,0,10.8,NA,1627917877
503,Chumikan,54.7183,135.315,51.82,98,100,14.81,RU,1627917878
504,Krivosheino,57.3431,83.9261,58.03,89,100,5.14,RU,1627917878
505,Benghazi,32.1167,20.0667,89.83,51,0,19.84,LY,1627917879
506,Callaway,30.153,-85.5699,90.99,71,20,4.0,US,1627917880
507,Biak,-0.9131,122.8766,76.14,84,58,7.34,ID,1627917880
508,Rio Grande,-32.035,-52.0986,59.11,75,0,8.61,BR,1627917724
509,Lüderitz,-26.6481,15.1594,73.36,37,0,5.84,NA,1627917880
510,Bastrop,32.7562,-91.8724,76.82,93,100,5.21,US,1627917881
511,Mastic Beach,40.7668,-72.8521,77.13,64,1,5.01,US,1627917697
512,Beringovskiy,63.05,179.3167,42.37,94,100,32.37,RU,1627917881
513,Kalmunai,7.4167,81.8167,84.36,67,100,5.61,LK,1627917881
514,Grindavik,63.8424,-22.4338,55.35,82,90,9.22,IS,1627917882
515,Bukachacha,52.9833,116.9167,58.48,84,100,2.57,RU,1627917883
516,Oranjemund,-28.55,16.4333,68.31,45,0,7.67,NA,1627917883
517,Hobyo,5.3505,48.5268,79.02,69,74,27.56,SO,1627917884
518,Paraná,-31.732,-60.5238,63.57,44,0,7.67,AR,1627917662
519,Yekaterinovka,52.0508,44.3451,88.54,35,1,6.15,RU,1627917885
520,Landeck,47.1301,10.5636,68.07,73,54,5.55,AT,1627917886
521,Trairi,-3.2778,-39.2689,90.93,36,1,9.73,BR,1627917868
522,Dawson Creek,55.7666,-120.2362,67.35,94,1,2.3,CA,1627917740
523,Harindānga,22.0383,88.3214,87.78,86,100,6.11,IN,1627917607
524,Changji,44.0167,87.3167,81.39,29,0,2.24,CN,1627917888
525,Benidorm,38.5382,-0.131,84.31,66,100,9.4,ES,1627917686
526,Ndélé,8.4109,20.6473,70.68,98,100,2.39,CF,1627917888
527,Huazhou,21.6333,110.5833,77.34,91,99,3.49,CN,1627917889
528,Sobolevo,54.4299,31.8996,73.35,63,100,19.98,RU,1627917890
529,Dzaoudzi,-12.7887,45.2699,75.09,78,0,9.22,YT,1627917890
530,Tazovsky,67.4667,78.7,60.4,75,99,7.14,RU,1627917890
531,Codrington,-38.2667,141.9667,47.46,94,100,11.32,AU,1627917891
532,Trincomalee,8.5711,81.2335,83.28,67,100,17.69,LK,1627917626
533,Thinadhoo,0.5333,72.9333,82.65,68,97,2.51,MV,1627917891
534,Bata,1.8639,9.7658,80.46,83,40,8.05,GQ,1627917892
535,Valença,-13.3703,-39.0731,67.59,89,100,5.77,BR,1627917892
536,Port Hedland,-20.3167,118.5667,62.65,23,2,10.36,AU,1627917892
537,Kirkuk,35.4681,44.3922,106.68,8,33,12.95,IQ,1627917893
538,Socha,5.9976,-72.6928,51.12,93,100,3.83,CO,1627917893
539,Kostanay,53.1667,63.5833,80.89,39,0,6.71,KZ,1627917893
540,Carbonear,47.7332,-53.2148,76.75,52,8,7.02,CA,1627917894
541,Zastron,-30.3023,27.084,58.95,18,0,3.29,ZA,1627917894
542,Novikovo,51.1537,37.8879,91.17,30,0,10.96,RU,1627917895
543,Tabuk,17.4189,121.4443,77.72,80,100,2.93,PH,1627917895
544,Yuncheng,35.0231,110.9928,78.51,66,0,8.3,CN,1627917896
545,Nizwá,22.9333,57.5333,104.02,13,89,7.72,OM,1627917896
546,Ekhabi,53.5102,142.9671,55.11,83,100,10.58,RU,1627917896
547,Tanah Merah,5.8,102.15,76.82,94,98,2.66,MY,1627917897
548,Sistranda,63.7256,8.834,57.16,67,36,8.12,NO,1627917897
549,Namie,37.4833,141.0,81.77,90,100,9.95,JP,1627917897
550,Lodwar,3.1191,35.5973,89.02,30,9,9.08,KE,1627917898
551,Turka,49.1541,23.0297,70.25,66,68,2.73,UA,1627917899
552,Sur,22.5667,59.5289,92.95,50,6,11.36,OM,1627917900
553,Lagos,6.5833,3.75,84.52,81,100,4.99,NG,1627917834
554,Goma,-1.6792,29.2228,73.27,48,68,2.33,CD,1627917901
555,Saint Anthony,45.0205,-93.218,76.86,54,1,4.0,US,1627917902
556,Lokomotivnyy,53.0118,60.5684,77.13,41,33,6.6,RU,1627917902
557,Aripuanã,-9.1667,-60.6333,90.72,22,48,6.49,BR,1627917904
558,Inhambane,-23.865,35.3833,71.15,57,5,11.1,MZ,1627917904
559,Tefé,-3.3542,-64.7114,82.51,78,20,5.75,BR,1627917905
560,Puerto Ayacucho,5.6639,-67.6236,72.68,93,100,7.54,VE,1627917905
561,Vieux-Habitants,16.0589,-61.7659,83.77,69,5,9.19,GP,1627917906
562,Tadpatri,14.9167,78.0167,87.96,47,90,19.24,IN,1627917906
563,Presidencia Roque Sáenz Peña,-26.7852,-60.4388,66.58,36,0,5.12,AR,1627917906
564,Palmer,42.1584,-72.3287,74.55,64,75,1.01,US,1627917907
565,Mitú,1.1983,-70.1733,76.77,73,98,3.87,CO,1627917907
566,Point Pedro,9.8167,80.2333,81.95,78,100,22.35,LK,1627917907
567,Kerman,30.2832,57.0788,87.66,12,20,11.5,IR,1627917908
568,San Matías,-16.3667,-58.4,82.67,28,0,7.76,BO,1627917908
569,Ayapel,8.3137,-75.1398,78.37,87,100,1.63,CO,1627917909
570,Malakal,9.5334,31.6605,74.57,91,72,5.32,SS,1627917910
571,Yanggu,36.1106,115.7753,74.5,84,0,6.71,CN,1627917910
572,Xinqing,48.2333,129.5,66.25,96,99,3.98,CN,1627917911
573,Port Augusta,-32.5,137.7667,46.54,78,3,11.27,AU,1627917912
574,Tazmalt,36.3868,4.3989,102.51,18,85,5.03,DZ,1627917912
575,Karligan,14.975,122.0456,82.35,78,99,12.46,PH,1627917913
576,Atasū,48.6814,71.6433,84.9,29,60,14.27,KZ,1627917914
577,Norden,53.6,7.2,65.95,68,85,14.14,DE,1627917914
578,Sidi Ali,36.0998,0.4206,78.03,63,100,14.41,DZ,1627917914
579,Hinton,53.4001,-117.5857,62.64,75,100,2.8,CA,1627917914
580,Marabu,4.4148,114.0089,77.14,94,20,0.0,MY,1627917915
581,Hamilton,39.1834,-84.5333,74.98,67,1,1.01,US,1627917897
582,Manokwari,-0.8667,134.0833,79.05,80,17,2.21,ID,1627917915
583,Bogashevo,56.3683,85.1447,64.24,77,40,4.47,RU,1627917915
584,Porvoo,60.3923,25.6651,71.49,73,100,5.46,FI,1627917916
585,Maxixe,-23.8597,35.3472,70.81,56,5,10.36,MZ,1627917916
586,Mosquera,4.7059,-74.2302,62.69,55,40,14.97,CO,1627917917
587,High Prairie,55.4334,-116.4858,70.9,53,100,6.6,CA,1627917918
588,Coquimbo,-29.9533,-71.3436,53.33,87,90,2.3,CL,1627917919
589,Caluquembe,-13.7833,14.6833,78.78,18,45,3.04,AO,1627917920
590,Udalguri,26.7667,92.1333,82.18,85,51,3.27,IN,1627917921
591,Cayenne,4.9333,-52.3333,87.1,69,40,3.0,GF,1627917921
592,Le Port,-20.9373,55.2919,69.8,78,46,5.79,RE,1627917922
593,Antofagasta,-23.65,-70.4,66.22,64,95,4.0,CL,1627917723
594,Mordovo,52.0834,40.77,90.34,33,11,11.03,RU,1627917925
595,Saint-Pierre,-21.3393,55.4781,69.48,72,0,6.91,RE,1627917926
596,Nautla,20.2167,-96.7833,82.53,72,34,4.29,MX,1627917927
597,Perth,-31.9333,115.8333,54.09,91,75,4.61,AU,1627917865
598,Nelson Bay,-32.7167,152.15,61.09,87,99,20.98,AU,1627917928
599,Chanal,16.7167,-92.4,61.23,59,79,4.07,MX,1627917929
600,Agía Galíni,35.1,24.6833,99.75,21,0,13.0,GR,1627917930
601,Iskar,43.45,24.2667,103.86,33,1,11.5,BG,1627917930
602,Nome,64.5011,-165.4064,56.16,94,90,12.66,US,1627917931
603,Sabaudia,41.3003,13.0282,87.93,66,82,5.99,IT,1627917931
604,Makkah al Mukarramah,21.4267,39.8261,99.32,29,51,12.37,SA,1627917721
605,Narsaq,60.9167,-46.05,52.02,88,100,2.04,GL,1627917933
606,Banyumas,-7.5142,109.2942,73.6,95,73,1.25,ID,1627917933
607,Basti,26.8,82.7167,83.88,75,90,7.2,IN,1627917934
608,Chipinge,-20.1883,32.6236,69.21,21,0,8.12,ZW,1627917934
609,Durban,-29.8579,31.0292,67.12,86,38,5.01,ZA,1627917511
610,Kinablangan,7.6947,126.5503,80.08,84,100,3.04,PH,1627917935
611,Bassano,50.7834,-112.4685,76.39,26,100,6.4,CA,1627917935
612,Elk Point,42.6833,-96.6836,72.64,36,31,1.83,US,1627917935
613,Iisalmi,63.5592,27.1907,62.62,88,91,5.61,FI,1627917936
614,Sorata,-15.7667,-68.6333,41.45,83,96,6.06,BO,1627917936
615,Jiazi,22.8779,116.067,80.13,87,100,2.98,CN,1627917937
616,Manaus,-3.1019,-60.025,73.89,100,75,5.75,BR,1627917937
617,Angoche,-16.2325,39.9086,73.09,58,0,12.88,MZ,1627917939
618,Urmia,37.5527,45.0761,78.35,44,40,4.61,IR,1627917939
619,Aktyubinskiy,54.8137,52.8056,81.91,35,100,5.26,RU,1627917940
620,Korop,51.5664,32.9586,70.99,89,94,6.6,UA,1627917941
621,Swift Current,50.2834,-107.8014,79.61,29,1,12.66,CA,1627917941
622,Giulvăz,45.5489,20.9844,84.51,27,0,8.41,RO,1627917942
623,Shepsi,44.0361,39.1489,80.65,77,2,4.43,RU,1627917942
624,La Asuncion,11.0333,-63.8628,85.73,74,4,10.36,VE,1627917942
625,Kerrobert,51.9168,-109.1348,77.2,28,99,10.45,CA,1627917943
626,Daşoguz,41.8363,59.9666,96.75,21,0,6.91,TM,1627917943
627,Tutóia,-2.7619,-42.2744,89.58,44,5,2.01,BR,1627917943
628,Dunedin,-45.8742,170.5036,46.8,84,100,18.99,NZ,1627917279
629,Lázaro Cárdenas,17.9583,-102.2,81.55,83,23,3.85,MX,1627917944
630,Vao,-22.6667,167.4833,66.18,65,10,7.83,NC,1627917945
631,São José da Coroa Grande,-8.8978,-35.1478,77.49,80,34,16.06,BR,1627917946
632,Mombetsu,44.3525,143.3525,69.85,96,53,1.9,JP,1627917946
633,Ovalle,-30.5983,-71.2003,67.91,38,0,4.38,CL,1627917948
634,Erzin,36.9559,36.2,95.52,54,0,10.47,TR,1627917949
635,Whitecourt,54.1502,-115.6855,63.64,100,90,3.44,CA,1627917951
636,Gigmoto,13.7796,124.39,81.99,82,86,11.03,PH,1627917952
637,Paamiut,61.994,-49.6678,45.91,89,100,12.15,GL,1627917953
638,Sabha,27.0377,14.4283,105.57,6,0,6.89,LY,1627917953
639,Great Yarmouth,52.6083,1.7305,70.34,61,44,6.67,GB,1627917954
640,Pangody,65.85,74.4859,65.75,54,100,3.49,RU,1627917955
641,Rocha,-34.4833,-54.3333,57.16,69,0,5.12,UY,1627917955
642,Bathsheba,13.2167,-59.5167,86.61,70,20,11.5,BB,1627917956
643,Boende,-0.2167,20.8667,93.78,29,89,2.24,CD,1627917957
644,Lokosovo,61.1333,74.8167,55.71,99,100,4.9,RU,1627917958
645,Manbij,36.5281,37.9549,104.77,15,77,9.04,SY,1627917959
646,Durham,36.0335,-78.8664,84.24,58,20,1.99,US,1627917784
647,Jiangyou,31.7667,104.7167,80.22,73,5,2.33,CN,1627917960
648,Half Moon Bay,37.4636,-122.4286,64.67,82,75,0.0,US,1627917962
649,Sibu,2.3,111.8167,75.51,94,40,0.0,MY,1627917962
650,Jieshi,22.8134,115.8257,82.11,84,100,3.04,CN,1627917963
651,Ust'-Koksa,50.2696,85.6108,60.44,69,4,1.9,RU,1627917963
652,Znamenskoye,57.1281,73.8282,67.96,65,88,9.48,RU,1627917964
653,Warora,20.2333,79.0,79.3,78,100,10.54,IN,1627917965
654,Khovd,48.0056,91.6419,66.92,43,1,3.38,MN,1627917965
655,Ivanava,52.1451,25.5365,60.78,86,100,11.56,BY,1627917966
656,Litovko,49.2361,135.1742,67.06,89,0,4.32,RU,1627917967
657,Roscrea,52.9511,-7.8017,57.52,98,100,4.25,IE,1627917968
658,Awjilah,29.1081,21.2869,107.24,8,1,14.54,LY,1627917968
659,Dakar,14.6937,-17.4441,90.48,79,100,12.55,SN,1627917938
660,Kushiro,42.975,144.3747,67.87,99,96,2.39,JP,1627917971
661,Teodoro Sampaio,-22.5325,-52.1675,75.29,38,1,2.3,BR,1627917972
662,Osa,57.2829,55.4567,73.65,66,99,5.97,RU,1627917972
663,Walvis Bay,-22.9575,14.5053,85.15,24,0,8.05,NA,1627917973
664,Santa Cruz de Tenerife,28.4682,-16.2546,81.91,72,40,8.01,ES,1627917974
665,Shellbrook,53.2168,-106.4011,72.63,25,90,5.75,CA,1627917974
666,Tomatlán,19.9333,-105.25,80.15,79,40,1.34,MX,1627917975
667,Siavonga,-16.5382,28.7088,77.9,41,1,4.07,ZM,1627917976
668,Beibei,29.8256,106.4339,93.67,60,0,2.01,CN,1627917976
669,Palāsa,18.7667,84.4167,83.82,77,92,6.02,IN,1627917976
670,Russell,32.3502,-85.1999,85.37,69,20,0.0,US,1627917977
671,Port Pirie,-33.1833,138.0167,46.49,82,4,19.62,AU,1627917977
672,Korla,41.7597,86.1469,85.21,16,100,5.93,CN,1627917841
673,Belaya Gora,68.5333,146.4167,40.53,66,0,8.08,RU,1627917977
674,Paka,4.6374,103.4368,75.13,100,100,0.0,MY,1627917978
675,Mananara,-16.1667,49.7667,67.98,86,3,3.96,MG,1627917978
676,Pushkino,56.0172,37.8667,86.09,61,100,8.99,RU,1627917978
677,Sangar,63.9242,127.4739,64.89,34,14,6.29,RU,1627917979
678,Nagato,34.3833,131.2,82.31,82,100,11.39,JP,1627917979
679,Hermiston,45.8404,-119.2895,84.11,57,1,0.0,US,1627917739
680,Mangai,-4.05,19.5333,97.93,12,28,1.45,CD,1627917979
681,Port Blair,11.6667,92.75,82.06,83,100,18.1,IN,1627917916
682,Eydhafushi,5.1033,73.0708,83.25,70,100,6.71,MV,1627917980
683,Xushan,30.1764,121.2457,82.33,95,22,7.81,CN,1627917980
684,Sørland,67.667,12.6934,50.07,72,100,11.36,NO,1627917980
685,Shilka,51.85,116.0333,63.46,88,100,3.36,RU,1627917981
686,Hays,30.0502,-98.0336,76.14,96,100,1.99,US,1627917981
687,Berlevåg,70.8578,29.0864,51.6,73,47,4.45,NO,1627917981
688,Olafsvik,64.8945,-23.7142,54.09,84,100,3.85,IS,1627917982
689,Hervey Bay,-25.2986,152.8535,68.04,90,2,11.01,AU,1627917982
690,Saint-Augustin,51.226,-58.6502,68.81,53,75,14.03,CA,1627917982
691,Tambovka,50.0969,128.0489,60.91,97,100,5.48,RU,1627917982
692,Aksarka,66.5606,67.7975,64.24,68,100,4.32,RU,1627917983
693,Batagay,67.6333,134.6333,55.08,54,1,2.62,RU,1627917983
694,Paraty,-23.2178,-44.7131,76.1,58,6,5.08,BR,1627917983
695,Port Lincoln,-34.7333,135.8667,51.89,65,97,20.54,AU,1627917984
696,Remanso,-9.6179,-42.0831,80.35,45,48,13.09,BR,1627917984
697,Escárcega,18.6089,-90.7454,86.36,58,97,5.5,MX,1627917984
698,Kaniama,-7.5667,24.1833,88.0,18,87,1.12,CD,1627917985
699,Nazilli,37.9163,28.3223,106.9,9,0,15.64,TR,1627917952
700,Nālūt,30.3333,10.85,105.96,7,0,18.52,LY,1627917985
701,Hamadan,34.7992,48.5146,74.91,33,37,9.69,IR,1627917986
702,Mīrābād,30.4362,61.8383,96.26,8,0,23.98,AF,1627917986
703,Luwuk,-0.9516,122.7875,77.02,86,48,5.68,ID,1627917987
704,Novaya Tavolzhanka,50.3512,36.8298,90.82,27,8,11.99,RU,1627917987
705,Mali,12.079,-12.2982,68.59,82,71,2.8,GN,1627917988
